{
    "latest": {
        "timestamp": "2025-03-31 02:23:40",
        "metrics": {
            "mse": 1.761866518769356,
            "rmse": 1.327353200459228,
            "r2": 0.9316397550462107,
            "r2_percent": 93.16397550462106,
            "target_accuracy_met": 