{
    "latest": {
        "timestamp": "2025-02-28 00:54:14",
        "metrics": {
            "mse": 13.535827932125306,
            "rmse": 3.6791069476335294,
            "mae": 1.5208222003505765,
            "mape": 0.3917995968964146,
            "r2": 0.4748112281861454,
            "sample_size": 60
        }
    }
}